Age,BMI,Workout_Freq,Avg_Steps,Monthly_Spend,Stress_Level,Sleep_Hours,Diet_Quality
43.473214285714285,23.583035714285714,1.6160714285714288,5131.6160714285725,161.80357142857142,3.946428571428572,6.924107142857142,5.75
26.696296296296296,26.674814814814816,3.5037037037037044,8083.318518518518,138.85185185185185,5.022222222222222,6.236296296296296,4.9037037037037035
48.1953125,27.51875,4.609375000000001,8239.5625,144.4375,3.2031250000000004,6.4875,5.1953125
44.608,26.6336,1.8160000000000007,8493.448,162.736,7.4719999999999995,6.6888,4.4159999999999995
